id_1,id_2,delta,scale_ratio,sr_score_1,sr_score_2,sr_score_3,sr_score_4,sr_score_5,sr_score_6,sr_score_7,sr_score_8
1,2,0.803947725843974,1.38461538461538,0,0,0,0,0,0,0,0
1,3,1.71553605979116,1.61797752808989,0,0,0,0,0,0,0,0
1,4,3.11885680901495,3.00000000000001,0,0,0,0,0,0,0,0
2,3,1.04504059983243,1.1685393258427,0,0,0,0,0,0,0,0
2,4,2.62804038408618,2.16666666666667,0,0,0,0,0,0,0,0
3,4,1.4751389599795,1.85416666666667,0,0,0,0,0,0,0,0
