id_1,id_2,delta,scale_ratio,sr_score_1,sr_score_2,sr_score_3,sr_score_4,sr_score_5,sr_score_6,sr_score_7,sr_score_8
1,2,0.715629156566993,2.08620689655173,0,0,0,0,0,0,0,0
1,3,3.04420513549577,1.18367346938775,0,0,0,0,0,0,0,0
1,4,4.01407445151452,1.22413793103448,0,0,0,0,0,0,0,0
2,3,1.3342053088743,2.46938775510204,0,0,0,0,0,0,0,0
2,4,2.12302042190026,1.70422535211268,0,0,0,0,0,0,0,0
3,4,1.62611073150358,1.44897959183673,0,0,0,0,0,0,0,0
