id_1,id_2,delta,scale_ratio,sr_score_1,sr_score_2,sr_score_3,sr_score_4,sr_score_5,sr_score_6,sr_score_7,sr_score_8
1,2,1.29788994653906,1.27999999999999,0,0,0,0,0,0,0,0
1,3,3.24926027084508,1.07999999999999,0,0,0,0,0,0,0,0
1,4,2.56867272361477,4.39999999999997,0,0,0,0,0,0,0,0
2,3,1.61337771375081,1.18518518518519,0,0,0,0,0,0,0,0
2,4,1.96761369935939,3.43749999999999,0,0,0,0,0,0,0,0
3,4,1.50588028150939,4.07407407407407,0,0,0,0,0,0,0,0
