id_1,id_2,delta,scale_ratio,sr_score_1,sr_score_2,sr_score_3,sr_score_4,sr_score_5,sr_score_6,sr_score_7,sr_score_8
1,2,1.02827225057892,1.14444444444444,0,0,0,0,0,0,0,0
1,3,1.89118112381758,1.58461538461539,0,0,0,0,0,0,0,0
1,4,4.59800477140389,1.83928571428571,0,0,0,0,0,0,0,0
2,3,0.78428901636212,1.38461538461539,0,0,0,0,0,0,0,0
2,4,3.66699433303949,1.60714285714286,0,0,0,0,0,0,0,0
3,4,3.42173712508918,1.16071428571428,0,0,0,0,0,0,0,0
