id_1,id_2,delta,scale_ratio,sr_score_1,sr_score_2,sr_score_3,sr_score_4,sr_score_5,sr_score_6,sr_score_7,sr_score_8
1,2,1.17122087845006,1.16666666666667,0,0,0,0,0,0,0,0
1,3,1.93850780240885,1.28571428571429,0,0,0,0,0,0,0,0
1,4,2.95896623552539,1.24074074074074,0,0,0,0,0,0,0,0
2,3,0.467540484138421,1.5,0,0,0,0,0,0,0,0
2,4,1.70006961221902,1.06349206349206,0,0,0,0,0,0,0,0
3,4,1.57800832066219,1.5952380952381,0,0,0,0,0,0,0,0
