id_1,id_2,delta,scale_ratio,sr_score_1,sr_score_2,sr_score_3,sr_score_4,sr_score_5,sr_score_6,sr_score_7,sr_score_8
1,2,1.33918566251756,1.45833333333334,0,0,0,0,0,0,0,0
1,3,2.06654588459443,1.45833333333333,0,0,0,0,0,0,0,0
1,4,3.52515212875476,1.4,0,0,0,0,0,0,0,0
2,3,0.894189922378884,1,0,0,0,0,0,0,0,0
2,4,2.708926904487,1.04166666666667,0,0,0,0,0,0,0,0
3,4,1.83674729146599,1.04166666666667,0,0,0,0,0,0,0,0
