id_1,id_2,delta,scale_ratio,sr_score_1,sr_score_2,sr_score_3,sr_score_4,sr_score_5,sr_score_6,sr_score_7,sr_score_8
1,2,2.3924773897545,1.22857142857143,0,0,0,0,0,0,0,0
1,3,4.32560147643146,1.26470588235294,0,0,0,0,0,0,0,0
1,4,5.79220381344154,1.32307692307692,0,0,0,0,0,0,0,0
2,3,2.12431339834986,1.02941176470588,0,0,0,0,0,0,0,0
2,4,3.71406698281171,1.07692307692308,0,0,0,0,0,0,0,0
3,4,1.57207598995651,1.04615384615385,0,0,0,0,0,0,0,0
