id_1,id_2,delta,scale_ratio,sr_score_1,sr_score_2,sr_score_3,sr_score_4,sr_score_5,sr_score_6,sr_score_7,sr_score_8
1,2,3.4909519731747,1.36842105263158,0,0,0,0,0,0,0,0
1,3,1.05850780263772,1.23157894736842,0,0,0,0,0,0,0,0
1,4,2.39944045447741,1.6,0,0,0,0,0,0,0,0
2,3,2.35753058650883,1.11111111111111,0,0,0,0,0,0,0,0
2,4,0.684406349844637,1.16923076923077,0,0,0,0,0,0,0,0
3,4,1.45275176601067,1.2991452991453,0,0,0,0,0,0,0,0
