id_1,id_2,delta,scale_ratio,sr_score_1,sr_score_2,sr_score_3,sr_score_4,sr_score_5,sr_score_6,sr_score_7,sr_score_8
1,2,1.16060288420304,1.31155778894472,0,0,0,0,0,0,0,0
1,3,1.77599954468352,2.63636363636364,0,0,0,0,0,0,0,0
1,4,2.11903070156131,1.8125,0,0,0,0,0,0,0,0
2,3,0.356779432483276,2.01010101010101,0,0,0,0,0,0,0,0
2,4,0.949940845844849,1.38194444444445,0,0,0,0,0,0,0,0
3,4,0.903411692835378,1.45454545454546,0,0,0,0,0,0,0,0
