id_1,id_2,delta,scale_ratio,sr_score_1,sr_score_2,sr_score_3,sr_score_4,sr_score_5,sr_score_6,sr_score_7,sr_score_8
1,2,0.552900022107673,1.7051282051282,0,0,0,0,0,0,0,0
1,3,2.478250059217,1.72727272727273,0,0,0,0,0,0,0,0
1,4,2.6304192655495,1.07258064516129,0,0,0,0,0,0,0,0
2,3,2.62011747995026,1.01298701298701,0,0,0,0,0,0,0,0
2,4,2.79222842098307,1.58974358974359,0,0,0,0,0,0,0,0
3,4,0.810594191927462,1.61038961038961,0,0,0,0,0,0,0,0
