id_1,id_2,delta,scale_ratio,sr_score_1,sr_score_2,sr_score_3,sr_score_4,sr_score_5,sr_score_6,sr_score_7,sr_score_8
1,2,5.93797366531715,1,0,0,0,0,0,0,0,0
1,3,5.82134629150753,1.475,0,0,0,0,0,0,0,0
1,4,7.6731760851794,1.675,0,0,0,0,0,0,0,0
2,3,1.02861815095765,1.475,0,0,0,0,0,0,0,0
2,4,3.23365836526811,1.675,0,0,0,0,0,0,0,0
3,4,1.94677540880181,1.13559322033898,0,0,0,0,0,0,0,0
