id_1,id_2,delta,scale_ratio,sr_score_1,sr_score_2,sr_score_3,sr_score_4,sr_score_5,sr_score_6,sr_score_7,sr_score_8
1,2,2.03371769439043,1.03571428571429,0,0,0,0,0,0,0,0
1,3,3.37792199923758,3.22222222222222,0,0,0,0,0,0,0,0
1,4,2.59554849832213,3.62499999999999,0,0,0,0,0,0,0,0
2,3,6.60223305959925,3.11111111111111,0,0,0,0,0,0,0,0
2,4,5.88208610102427,3.5,0,0,0,0,0,0,0,0
3,4,1.97990675472382,1.125,0,0,0,0,0,0,0,0
