id_1,id_2,delta,scale_ratio,sr_score_1,sr_score_2,sr_score_3,sr_score_4,sr_score_5,sr_score_6,sr_score_7,sr_score_8
1,2,1.36472043187272,1.1,0,0,0,0,0,0,0,0
1,3,2.75080252799825,1.0531914893617,0,0,0,0,0,0,0,0
1,4,3.85421511068458,1.25316455696202,0,0,0,0,0,0,0,0
2,3,1.49199383541452,1.04444444444445,0,0,0,0,0,0,0,0
2,4,2.53333228909232,1.13924050632911,0,0,0,0,0,0,0,0
3,4,0.947148235042421,1.18987341772152,0,0,0,0,0,0,0,0
