id_1,id_2,delta,scale_ratio,sr_score_1,sr_score_2,sr_score_3,sr_score_4,sr_score_5,sr_score_6,sr_score_7,sr_score_8
1,2,1.06048582145863,1.26086956521739,0,0,0,0,0,0,0,0
1,3,2.12763063762899,1.26086956521739,0,0,0,0,0,0,0,0
1,4,7.70142254799462,1.70588235294118,0,0,0,0,0,0,0,0
2,3,1.20696231673837,1,0,0,0,0,0,0,0,0
2,4,7.5060392351759,1.35294117647059,0,0,0,0,0,0,0,0
3,4,6.14372138853969,1.35294117647059,0,0,0,0,0,0,0,0
