id_1,id_2,delta,scale_ratio,sr_score_1,sr_score_2,sr_score_3,sr_score_4,sr_score_5,sr_score_6,sr_score_7,sr_score_8
1,2,0.850335709753441,1.02857142857143,0,0,0,0,0,0,0,0
1,3,2.77588007739557,1.05882352941177,0,0,0,0,0,0,0,0
1,4,3.45037127882967,1.09090909090909,0,0,0,0,0,0,0,0
2,3,2.04219303812273,1.02941176470588,0,0,0,0,0,0,0,0
2,4,2.72344841703985,1.06060606060606,0,0,0,0,0,0,0,0
3,4,0.66094297986521,1.03030303030303,0,0,0,0,0,0,0,0
