id_1,id_2,delta,scale_ratio,sr_score_1,sr_score_2,sr_score_3,sr_score_4,sr_score_5,sr_score_6,sr_score_7,sr_score_8
1,2,1.32213902409411,1.06779661016949,0,0,0,0,0,0,0,0
1,3,4.95734792393421,1.09523809523809,0,0,0,0,0,0,0,0
1,4,6.80397288579083,1.125,0,0,0,0,0,0,0,0
2,3,3.8845805205083,1.16949152542373,0,0,0,0,0,0,0,0
2,4,5.66967191150607,1.05357142857142,0,0,0,0,0,0,0,0
3,4,1.24311865885763,1.23214285714285,0,0,0,0,0,0,0,0
