id_1,id_2,delta,scale_ratio,sr_score_1,sr_score_2,sr_score_3,sr_score_4,sr_score_5,sr_score_6,sr_score_7,sr_score_8
1,2,0.829383534214194,1.07017543859649,0,0,0,0,0,0,0,0
1,3,2.11769836270119,1.26315789473684,0,0,0,0,0,0,0,0
1,4,3.14116873394111,1.36842105263158,0,0,0,0,0,0,0,0
2,3,1.33455999126552,1.18032786885246,0,0,0,0,0,0,0,0
2,4,2.35691402787551,1.27868852459016,0,0,0,0,0,0,0,0
3,4,1.00686532256195,1.08333333333333,0,0,0,0,0,0,0,0
