id_1,id_2,delta,scale_ratio,sr_score_1,sr_score_2,sr_score_3,sr_score_4,sr_score_5,sr_score_6,sr_score_7,sr_score_8
1,2,2.39993651808933,1.11111111111111,0,0,0,0,0,0,0,0
1,3,4.0995893773698,1.05263157894737,0,0,0,0,0,0,0,0
1,4,5.20718737393059,1.66666666666666,0,0,0,0,0,0,0,0
2,3,1.85692700654532,1.05555555555556,0,0,0,0,0,0,0,0
2,4,3.0408129192498,1.49999999999999,0,0,0,0,0,0,0,0
3,4,2.13174585402946,1.58333333333333,0,0,0,0,0,0,0,0
