id_1,id_2,delta,scale_ratio,sr_score_1,sr_score_2,sr_score_3,sr_score_4,sr_score_5,sr_score_6,sr_score_7,sr_score_8
1,2,2.05948166191024,1.25,0,0,0,0,0,0,0,0
1,3,3.26500812525481,1.09722222222222,0,0,0,0,0,0,0,0
1,4,4.88303111383116,1.09090909090909,0,0,0,0,0,0,0,0
2,3,0.96799380647989,1.13924050632911,0,0,0,0,0,0,0,0
2,4,2.18590683508018,1.36363636363636,0,0,0,0,0,0,0,0
3,4,1.25850259247549,1.19696969696969,0,0,0,0,0,0,0,0
