id_1,id_2,delta,scale_ratio,sr_score_1,sr_score_2,sr_score_3,sr_score_4,sr_score_5,sr_score_6,sr_score_7,sr_score_8
1,2,2.63541090834316,1.31944444444445,0,0,0,0,0,0,0,0
1,3,4.45560078202053,1.35714285714286,0,0,0,0,0,0,0,0
1,4,6.57360927035529,1.25,0,0,0,0,0,0,0,0
2,3,2.07789444112798,1.02857142857143,0,0,0,0,0,0,0,0
2,4,4.6217006473408,1.05555555555556,0,0,0,0,0,0,0,0
3,4,2.66441877639862,1.08571428571428,0,0,0,0,0,0,0,0
