id_1,id_2,delta,scale_ratio,sr_score_1,sr_score_2,sr_score_3,sr_score_4,sr_score_5,sr_score_6,sr_score_7,sr_score_8
1,2,0.925493492413582,1.23333333333333,0,0,0,0,0,0,0,0
1,3,2.93752749558917,1.40952380952381,0,0,0,0,0,0,0,0
1,4,3.06740521123934,1.05714285714286,0,0,0,0,0,0,0,0
2,3,2.20075856731377,1.14285714285714,0,0,0,0,0,0,0,0
2,4,2.44390922656557,1.16666666666667,0,0,0,0,0,0,0,0
3,4,0.572884442759926,1.33333333333333,0,0,0,0,0,0,0,0
