id_1,id_2,delta,scale_ratio,sr_score_1,sr_score_2,sr_score_3,sr_score_4,sr_score_5,sr_score_6,sr_score_7,sr_score_8
1,2,1.04876699072409,1.0327868852459,0,0,0,0,0,0,0,0
1,3,1.95834114259459,1.26190476190476,0,0,0,0,0,0,0,0
1,4,2.88691388181016,1.34126984126984,0,0,0,0,0,0,0,0
2,3,1.11748872200414,1.30327868852459,0,0,0,0,0,0,0,0
2,4,2.06732664765913,1.38524590163935,0,0,0,0,0,0,0,0
3,4,0.896673242064191,1.06289308176101,0,0,0,0,0,0,0,0
