id_1,id_2,delta,scale_ratio,sr_score_1,sr_score_2,sr_score_3,sr_score_4,sr_score_5,sr_score_6,sr_score_7,sr_score_8
1,2,0.932782906477861,1.36842105263158,0,0,0,0,0,0,0,0
1,3,1.78584038874411,1.96842105263158,0,0,0,0,0,0,0,0
1,4,2.70305613723161,2.2421052631579,0,0,0,0,0,0,0,0
2,3,0.936329468748002,1.43846153846154,0,0,0,0,0,0,0,0
2,4,1.81661664872234,1.63846153846154,0,0,0,0,0,0,0,0
3,4,0.876159945443753,1.13903743315508,0,0,0,0,0,0,0,0
