id_1,id_2,delta,scale_ratio,sr_score_1,sr_score_2,sr_score_3,sr_score_4,sr_score_5,sr_score_6,sr_score_7,sr_score_8
1,2,1.99586223634849,1,0,0,0,0,0,0,0,0
1,3,3.9468889139125,1.11764705882353,0,0,0,0,0,0,0,0
1,4,3.26621146775668,2.23684210526316,0,0,0,0,0,0,0,0
2,3,1.84060531676369,1.11764705882353,0,0,0,0,0,0,0,0
2,4,2.04002273895767,2.23684210526316,0,0,0,0,0,0,0,0
3,4,1.00778167110613,2.5,0,0,0,0,0,0,0,0
